{
  "0x961bb3932a7efaa9adcc7409e1fea090479e8312-1101": {
    "meta": { "ttl": 600000000, "createdAt": 1740660431868 },
    "content": "0"
  },
  "0x22b21beddef74fe62f031d2c5c8f7a9f8a4b304d-1101": {
    "meta": { "ttl": 600000000, "createdAt": 1740660446718 },
    "content": "0.282705870269678"
  },
  "0x0d500b1d8e8ef31e21c99d1db9a6444d3adf1270-137": {
    "meta": { "ttl": 600000000, "createdAt": 1740660707618 },
    "content": "0.28209756256208"
  },
  "0xc20caf8dee81059ec0c8e5971b2af7347ec131f4-137": {
    "meta": { "ttl": 600000000, "createdAt": 1741250387121 },
    "content": "0"
  },
  "0x668f5965c26e5df5e9917f0d7d3367c8d8433682-137": {
    "meta": { "ttl": 600000000, "createdAt": 1741250725800 },
    "content": "0"
  }
}
