{
  "0x961bb3932a7efaa9adcc7409e1fea090479e8312-1101": {
    "meta": { "ttl": 600000000, "createdAt": 1750774580420 },
    "content": "0"
  },
  "0x22b21beddef74fe62f031d2c5c8f7a9f8a4b304d-1101": {
    "meta": { "ttl": 600000000, "createdAt": 1750774637004 },
    "content": "0.123218205050931"
  },
  "0xc20caf8dee81059ec0c8e5971b2af7347ec131f4-137": {
    "meta": { "ttl": 600000000, "createdAt": 1750775262996 },
    "content": "0"
  },
  "0x0d500b1d8e8ef31e21c99d1db9a6444d3adf1270-137": {
    "meta": { "ttl": 600000000, "createdAt": 1750775316929 },
    "content": "0.181268971134078"
  },
  "0x668f5965c26e5df5e9917f0d7d3367c8d8433682-137": {
    "meta": { "ttl": 600000000, "createdAt": 1750775337102 },
    "content": "0"
  },
  "0xc2132d05d31c914a87c6611c10748aeb04b58e8f-137": {
    "meta": { "ttl": 600000000, "createdAt": 1750775502668 },
    "content": "0.998257605191041"
  },
  "0x806b448d6c5b507727ad715425b744f038e475bc-137": {
    "meta": { "ttl": 600000000, "createdAt": 1750775549705 },
    "content": "0"
  },
  "0x3c499c542cef5e3811e1192ce70d8cc03d5c3359-137": {
    "meta": { "ttl": 600000000, "createdAt": 1750775632795 },
    "content": "1.00175310421945"
  }
}
